{
    "recipes" : [
        {
            "name":"Rice dhokla",
            "thumb":"recipe1.jpg",            
            "ingredients":"Rice, buttermilk, oil, sugar, Rai, green chilli, turmeric,salt, red chilli powder, lime,coriander leaves",
            "isInactive":false
        },
        {
            "name":"Handwa",
            "thumb":"recipe2.jpg",
            "ingredients":"Handwa flour, onions, cabbage, dudhi grated, carot grated, capsicum, tomato,ground nuts, oil, green chillies, turmeric, til, Rai",
            "isInactive":false
        },
        {
            "name":"Banana Tikki",
            "thumb":"recipe3.jpg",
            "ingredients":"banana, capsicum, cabbage, onions, oil, green chilly, ginger, salt, lemon",
            "isInactive":false
        },
        {
            "name":"Mexican Rice",
            "thumb":"recipe4.jpg",
            "ingredients":"Rice, 3 color bell paper, spring onion, baked beans, tomato, boiled corns, oil/butter, oregano, chilli flakes, salt",
            "isInactive":false
        },
        {
            "name":"Tangy idli",
            "thumb":"recipe1.jpg",
            "ingredients":"Mini idli, tomato, capsicum, onion,boiled, corn, oil, pav bhaji masala, ketchup,salt, coriander",
            "isInactive":false
        },
        {
            "name":"Lazeez pasta",
            "thumb":"recipe2.jpg",
            "ingredients":"Butter, maida, milk, pepper, oregano, salt, cheese, pasta, bell pepper, sweet corn, onion",
            "isInactive":false
        },
        {
            "name":"Green parantha",
            "thumb":"recipe3.jpg",
            "ingredients":"Green peas, French beans, capsicum, groundnut powder, green chilly, chat masala, paneer, wheat flour, salt, coriander",
            "isInactive":false
        },
        {
            "name":"Rajmah wrap",
            "thumb":"recipe4.jpg",
            "ingredients":"Wheat flour, maize flour, rajmah, coriander, cheese, onions, oil",
            "isInactive":false
        },
        {
            "name":"Khubani pudding",
            "thumb":"recipe1.jpg",
            "ingredients":"Marie biscuits, condensed milk, cashew powder, coconut powder,sugar",
            "isInactive":false
        },
        {
            "name":"Dhokla sandwich",
            "thumb":"recipe2.jpg",
            "ingredients":"Rice, urad dal, buttermilk, coriander leaves, coriander chutney, green chillies, lemon juice, salt, sugar, oil",
            "isInactive":false
        },
        {
            "name":"Soyabean Cutlets",
            "thumb":"recipe3.jpg",
            "ingredients":"Soyabean granules, onion, potato, Rava, jeera powder, chilli powder, garam masala, ginger garlic paste, chat masala, salt, oil",
            "isInactive":false
        },
        {
            "name":"Nachani chocolate",
            "thumb":"recipe4.jpg",
            "ingredients":"Nachni, date, milk, vanilla essence, choco powder, sugar, oil",
            "isInactive":true
        },
        {
            "name":"Oats choco balls",
            "thumb":"recipe1.jpg",
            "ingredients":"Oats,dry fruits, coco powder, condensed milk",
            "isInactive":false
        }
    ]
}